<?xml version="1.0"?>
<!--

Solwin Infotech
Solwin ScrolltoTop Extension

@category   Solwin
@package    Solwin_ScrolltoTop
@copyright  Copyright © 2006-2016 Solwin (https://www.solwininfotech.com)
@license    https://www.solwininfotech.com/magento-extension-license/ 

-->
<config xmlns:xsi="http://www.w3.org/2001/XMLSchema-instance" xsi:noNamespaceSchemaLocation="../../../../../lib/internal/Magento/Framework/Acl/etc/acl.xsd">
    <acl>
        <resources>
            <resource id="Magento_Backend::admin">
                <resource id="Solwin_Base::elements" title="Solwin" sortOrder="168231">
                    <resource id="Solwin_Cpanel::cpanel" title="Solwin FreeGo Theme" sortOrder="9">
                        <resource id="Solwin_Cpanel::cpanelmodule" title="Cpanel" sortOrder="50"/>
                    </resource>
                </resource>
                <resource id="Magento_Backend::stores">
                    <resource id="Magento_Backend::stores_settings">
                        <resource id="Magento_Config::config">
                            <resource id="Solwin_Cpanel::cpanel_config" title="Solwin Cpanel Section"/>
                        </resource>
                    </resource>
                </resource>
            </resource>
        </resources>
    </acl>
</config>
